epoch,time,train/box_loss,train/cls_loss,train/l1_loss,metrics/precision(B),metrics/recall(B),metrics/mAP50(B),metrics/mAP50-95(B),val/box_loss,val/cls_loss,val/l1_loss,lr/pg0,lr/pg1,lr/pg2
1,5.28277,0.78367,2.08942,0.01288,0.55828,0.96505,0.94326,0.67252,1.58239,0.96711,0.01156,0,0,0
2,10.711,1.34859,2.15186,0.02355,0.55828,0.96505,0.94326,0.67252,1.58239,0.96711,0.01156,3.57397e-05,3.57397e-05,3.57397e-05
3,14.5595,0.82067,2.31561,0.01519,0.55828,0.96505,0.94326,0.67252,1.58239,0.96711,0.01156,6.36253e-05,6.36253e-05,6.36253e-05
4,18.536,1.20918,2.44172,0.02102,0.86678,0.65422,0.93539,0.6509,1.57536,0.96231,0.01161,8.3657e-05,8.3657e-05,8.3657e-05
5,22.3813,0.81127,1.25095,0.01383,0.86678,0.65422,0.93539,0.6509,1.57536,0.96231,0.01161,7.1876e-05,7.1876e-05,7.1876e-05
6,26.2594,0.88234,1.06894,0.01126,0.86678,0.65422,0.93539,0.6509,1.57536,0.96231,0.01161,6.0095e-05,6.0095e-05,6.0095e-05
7,31.0029,0.86087,2.09747,0.01317,0.85506,0.65652,0.9446,0.67123,1.52478,1.05895,0.0113,4.8314e-05,4.8314e-05,4.8314e-05
8,35.9964,0.98345,1.0783,0.0201,0.85506,0.65652,0.9446,0.67123,1.52478,1.05895,0.0113,3.6533e-05,3.6533e-05,3.6533e-05
9,52.2722,0.76445,2.31635,0.01162,0.85506,0.65652,0.9446,0.67123,1.52478,1.05895,0.0113,2.4752e-05,2.4752e-05,2.4752e-05
10,68.01,0.83064,1.07393,0.00951,0.86044,0.65214,0.94326,0.67298,1.52727,1.04327,0.01116,1.2971e-05,1.2971e-05,1.2971e-05
